"Date",Gross $,Customers
20090730,34.05,2
20090801,23.50,1
20090802,26.74,5
20090803,0.00,0
20090804,35.76,1
20090805,13.67,2
20090806,10.00,3
20090807,14.34,4
20090808,6.50,2
20090809,0.00,0
20090810,0.00,0
20090811,34.26,2
20090812,0.00,0
20090813,0.00,0
20090814,0.00,0
20090815,44.23,5
20090816,8.50,1
20090817,11.46,3
20090818,30.58,3
20090819,0.00,0
20090820,1.50,1
20090821,39.25,1
20090822,2.50,1
20090823,21.25,4
20090824,0.00,0
20090825,0.00,0
20090826,0.00,0
20090827,0.00,0
20090828,0.00,0
20090829,0.00,0
20090830,10.14,2
20090831,2.50,1
20090901,20.83,4
20090902,12.00,1
20090903,0.00,0
20090904,3.00,1
20090905,4.00,2
20090906,17.89,1
20090907,0.00,0
20090908,11.45,2
20090909,0.54,1
20090910,21.75,2
20090911,42.32,2
20090912,19.64,2
20090913,22.43,3
20090914,24.31,4
20090915,4.94,2
20090916,10.49,2
20090917,0.00,0
20090918,2.00,1
20090919,12.28,2
20090920,4.50,1
20090921,0.00,0
20090922,2.71,1
20090923,0.00,0
20090924,6.50,1
20090925,4.75,3
20090926,0.00,0
20090927,0.00,0
20090928,0.40,1
20090929,0.00,0
20090930,13.02,1
20091001,0.00,0
20091002,74.32,11
20091003,0.00,0
20091004,4.00,2
20091005,2.66,2
20091006,2.00,1
20091007,1.65,1
20091008,7.98,2
20091009,30.29,5
20091010,1.40,1
20091011,10.10,2
20091012,26.69,4
20091013,14.37,5
20091014,52.88,9
20091015,73.66,6
20091016,64.13,9
20091017,51.93,12
20091018,29.72,7
20091019,137.40,13
20091020,75.75,9
20091021,76.67,13
20091022,45.75,8
20091023,44.56,8
20091024,21.98,7
20091025,69.84,9
20091026,27.68,4
20091027,46.75,8
20091028,49.86,8
20091029,89.97,10
20091030,28.65,10
20091031,19.57,5
20091101,35.00,4
20091102,58.80,10
20091103,19.76,4
20091104,63.98,7
20091105,40.22,9
20091106,36.62,6
20091107,78.85,11
20091108,18.45,4
20091109,54.76,12
20091110,49.78,9
20091111,45.69,7
20091112,29.85,8
20091113,24.16,6
20091114,141.52,15
20091115,14.00,2
20091116,77.77,11
20091117,92.07,11
20091118,71.53,6
20091119,115.45,14
20091120,45.61,10
20091121,70.20,12
20091122,27.99,6
20091123,22.69,5
20091124,29.21,5
20091125,64.90,7
20091126,0.00,0
20091127,44.91,5
20091128,19.10,7
20091129,77.77,7
20091130,54.79,7
20091201,44.35,8
20091202,21.87,4
20091203,3.50,1
20091204,153.50,12
20091205,67.82,6
20091206,56.22,5
20091207,38.08,7
20091208,54.00,6
20091209,36.85,7
20091210,48.60,8
20091211,58.84,9
20091212,48.01,9
20091213,0.00,0
20091214,54.92,9
20091215,68.90,7
20091216,40.07,10
20091217,6.81,2
20091218,0.00,0
20091219,35.05,5
20091220,6.28,2
20091221,0.00,0
20091222,7.69,3
20091223,16.12,5
20091224,0.00,0
20091225,0.00,0
20091226,8.86,1
20091227,0.00,0
20091228,0.00,0
20091229,0.00,0
20091230,0.00,0
20091231,0.00,0
20100101,26.50,5
20100102,9.25,2
20100103,49.66,8
20100104,50.68,9
20100105,63.73,6
20100106,21.09,5
20100107,49.13,12
20100108,15.20,2
20100109,63.14,9
20100110,29.65,5
20100111,58.99,8
20100112,68.21,14
20100113,24.85,7
20100114,45.06,12
20100115,103.04,9
20100116,73.04,6
20100117,48.03,8
20100118,54.97,10
20100119,27.13,7
20100120,25.65,10
20100121,7.78,3
20100122,69.67,10
20100123,51.58,10
20100124,26.14,7
20100125,33.59,5
20100126,38.95,6
20100127,65.15,9
20100128,90.03,10
20100129,39.50,7
20100130,44.89,6
20100131,65.13,8
20100201,50.73,7
20100202,51.90,9
20100203,42.85,3
20100204,21.29,4
20100205,47.10,10
20100206,81.04,9
20100207,49.73,6
20100208,50.81,12
20100209,80.57,18
20100210,26.49,7
20100211,69.62,9
20100212,164.17,9
20100213,24.50,6
20100214,31.25,6
20100215,34.51,7
20100216,73.07,14
20100217,51.48,14
20100218,86.43,18
20100219,47.71,8
20100220,96.69,14
20100221,31.61,8
20100222,123.99,14
20100223,121.86,14
20100224,87.09,14
20100225,101.31,10
20100226,69.98,10
20100227,40.63,6
20100228,29.39,8
20100301,80.75,12
20100302,26.28,7
20100303,8.28,3
20100304,30.98,11
20100305,86.79,10
20100306,52.24,9
20100307,77.17,10
20100308,81.10,10
20100309,45.68,5
20100310,72.88,6
20100311,125.87,9
20100312,76.60,10
20100313,46.79,7
20100314,39.75,4
20100315,63.96,14
20100316,96.68,13
20100317,95.35,14
20100318,46.07,12
20100319,51.40,9
20100320,45.01,5
20100321,24.27,4
20100322,46.32,5
20100323,26.07,6
20100324,8.50,2
20100325,40.00,8
20100326,24.98,7
20100327,18.53,3
20100328,47.50,5
20100329,58.41,10
20100330,51.36,11
20100331,34.47,8
20100401,48.43,10
20100402,118.85,16
20100403,36.90,8
20100404,10.75,3
20100405,42.14,8
20100406,37.78,6
20100407,38.39,8
20100408,59.34,13
20100409,50.93,8
20100410,31.12,3
20100411,68.45,10
20100412,72.86,10
20100413,22.83,6
20100414,92.48,8
20100415,78.08,10
20100416,130.98,23
20100417,105.98,15
20100418,66.26,5
20100419,60.94,12
20100420,131.00,17
20100421,22.87,7
20100422,50.65,10
20100423,100.68,12
20100424,47.63,6
20100425,52.43,8
20100426,46.56,13
20100427,62.34,9
20100428,151.53,17
20100429,96.54,14
20100430,126.88,17
20100501,51.24,9
20100502,59.92,12
20100503,82.37,12
20100504,100.48,17
20100505,82.39,14
20100506,92.98,13
20100507,59.72,11
20100508,78.99,14
20100509,37.21,9
20100510,69.73,12
20100511,56.75,7
20100512,85.48,15
20100513,159.18,15
20100514,40.20,12
20100515,122.41,18
20100516,44.94,6
20100517,83.87,14
20100518,102.92,10
20100519,90.26,13
20100520,91.80,19
20100521,48.30,15
20100522,77.28,11
20100523,97.97,17
20100524,183.03,24
20100525,85.70,14
20100526,129.12,19
20100527,153.35,19
20100528,84.28,7
20100529,71.84,12
20100530,47.77,12
20100531,73.35,13
20100601,99.58,24
20100602,157.49,25
20100603,94.34,22
20100604,33.40,9
20100605,174.61,18
20100606,54.13,9
20100607,78.07,11
20100608,104.68,13
20100609,71.91,20
20100610,153.46,18
20100611,94.72,16
20100612,118.97,14
20100613,42.39,9
20100614,62.62,14
20100615,49.13,5
20100616,41.81,9
20100617,94.69,10
20100618,46.50,8
20100619,9.50,3
20100620,56.59,10
20100621,81.18,10
20100622,49.90,7
20100623,87.72,13
20100624,89.93,14
20100625,46.29,11
20100626,61.77,12
20100627,77.56,15
20100628,129.26,8
20100629,50.64,9
20100630,16.56,6
20100701,75.40,11
20100702,93.51,14
20100703,71.34,4
20100704,23.40,8
20100705,37.34,7
20100706,17.50,6
20100707,37.03,7
20100708,117.30,14
20100709,19.19,8
20100710,34.49,8
20100711,46.75,6
20100712,18.41,6
20100713,32.25,7
20100714,53.79,9
20100715,28.99,4
20100716,153.93,16
20100717,132.90,21
20100718,65.27,9
20100719,71.94,11
20100720,56.97,12
20100721,53.17,6
20100722,51.11,10
20100723,31.99,4
20100724,41.55,6
20100725,32.06,5
20100726,83.65,12
20100727,52.05,10
20100728,91.47,14
20100729,43.12,6
20100730,79.62,10
20100731,57.85,12
20100801,47.48,12
20100802,93.19,13
20100803,50.69,7
20100804,102.38,15
20100805,19.98,6
20100806,66.25,12
20100807,73.24,14
20100808,92.94,15
20100809,42.26,10
20100810,56.55,7
20100811,135.63,18
20100812,52.40,11
20100813,33.90,8
20100814,61.67,12
20100815,16.25,5
20100816,28.03,5
20100817,27.25,8
20100818,49.00,4
20100819,26.43,4
20100820,86.01,16
20100821,45.94,9
20100822,43.04,9
20100823,34.25,7
20100824,50.83,11
20100825,73.61,9
20100826,129.35,14
20100827,61.32,12
20100828,31.75,8
20100829,114.78,12
20100830,132.23,17
20100831,8.56,4
20100901,27.09,5
20100902,145.43,13
20100903,23.40,5
20100904,33.24,6
20100905,5.89,1
20100906,71.40,5
20100907,27.03,7
20100908,31.03,6
20100909,30.12,6
20100910,44.78,5
20100911,63.65,8
20100912,9.18,2
20100913,18.43,7
20100914,77.88,16
20100915,65.80,12
20100916,52.90,12
20100917,77.29,17
20100918,67.79,5
20100919,26.00,7
20100920,65.26,9
20100921,45.68,9
20100922,53.76,8
20100923,102.72,22
20100924,128.72,12
20100925,35.74,5
20100926,35.75,5
20100927,76.24,14
20100928,73.08,14
20100929,54.59,8
20100930,111.27,10
20101001,99.12,16
20101002,46.45,10
20101003,52.29,5
20101004,98.70,20
20101005,46.08,3
20101006,51.54,9
20101007,59.37,10
20101008,119.08,16
20101009,29.50,8
20101010,67.50,8
20101011,39.52,7
20101012,46.65,8
20101013,197.83,21
20101014,29.88,9
20101015,71.00,3
20101016,90.04,9
20101017,111.05,12
20101018,74.38,10
20101019,121.39,16
20101020,44.60,8
20101021,31.45,8
20101022,94.18,17
20101023,102.33,10
20101024,125.45,13
20101025,108.86,13
20101026,78.20,11
20101027,63.99,8
20101028,66.99,7
20101029,68.16,7
20101030,24.56,7
20101031,41.82,10
20101101,106.95,17
20101102,18.86,6
20101103,27.71,6
20101104,112.76,11
20101105,58.17,11
20101106,72.25,11
20101107,75.07,10
20101108,27.23,7
20101109,55.58,10
20101110,65.59,14
20101111,86.73,12
20101112,50.95,12
20101113,40.73,7
20101114,57.81,7
20101115,42.50,12
20101116,105.24,14
20101117,72.68,13
20101118,86.45,14
20101119,110.02,14
20101120,63.11,8
20101121,91.59,9
20101122,100.16,16
20101123,63.47,6
20101124,67.45,10
20101125,0.00,0
20101126,34.15,5
20101127,25.50,5
20101128,63.55,12
20101129,54.57,14
20101130,86.96,15
20101201,23.41,5
20101202,41.94,10
20101203,82.50,16
20101204,63.50,8
20101205,86.37,10
20101206,88.17,10
20101207,76.11,13
20101208,32.00,3
20101209,59.24,9
20101210,45.25,11
20101211,20.30,3
20101212,12.49,3
20101213,107.38,7
20101214,37.26,6
20101215,8.00,1
20101216,15.82,4
20101217,42.18,6
20101218,3.99,1
20101219,25.20,2
20101220,17.50,4
20101221,27.84,2
20101222,14.22,4
20101223,56.19,8
20101224,0.00,0
20101225,0.00,0
20101226,26.48,3
20101227,42.70,8
20101228,27.10,3
20101229,15.50,2
20101230,36.69,9
20101231,15.50,1
20110101,75.62,9
20110102,20.72,3
20110103,21.05,6
20110104,117.11,10
20110105,11.20,3
20110106,187.23,21
20110107,6.80,3
20110108,55.89,9
20110109,25.25,4
20110110,17.15,4
20110111,68.36,8
20110112,90.63,11
20110113,68.61,14
20110114,45.65,5
20110115,31.91,6
20110116,39.65,8
20110117,58.62,8
20110118,193.72,16
20110119,51.94,9
20110120,149.12,19
20110121,75.29,9
20110122,45.75,9
20110123,69.29,6
20110124,129.01,14
20110125,125.44,17
20110126,93.93,9
20110127,43.52,6
20110128,96.84,18
20110129,91.27,10
20110130,49.48,9
20110131,93.12,9
20110201,70.98,12
20110202,32.66,6
20110203,54.77,5
20110204,87.03,12
20110205,6.35,3
20110206,64.13,5
20110207,205.44,10
20110208,127.27,10
20110209,91.82,12
20110210,81.84,11
20110211,37.27,6
20110212,93.75,11
20110213,22.17,5
20110214,43.47,10
20110215,62.57,14
20110216,58.61,10
20110217,139.67,16
20110218,86.96,18
20110219,75.80,10
20110220,93.55,9
20110221,116.77,16
20110222,124.44,12
20110223,76.47,14
20110224,34.85,7
20110225,125.71,15
20110226,81.19,10
20110227,66.74,10
20110228,78.37,14
20110301,71.70,7
20110302,154.63,13
20110303,144.38,21
20110304,160.57,24
20110305,100.56,16
20110306,33.25,7
20110307,56.89,9
20110308,149.71,17
20110309,170.78,16
20110310,108.81,17
20110311,48.25,10
20110312,75.59,12
20110313,297.01,27
20110314,117.81,15
20110315,134.20,14
20110316,141.27,18
20110317,100.12,15
20110318,82.82,11
20110319,79.64,6
20110320,61.92,8
20110321,5.75,1
20110322,5.50,4
20110323,127.56,14
20110324,82.29,11
20110325,36.40,7
20110326,72.22,7
20110327,56.58,11
20110328,122.61,11
20110329,163.05,16
20110330,144.18,17
20110331,117.03,19
20110401,48.82,12
20110402,82.63,15
20110403,86.89,12
20110404,110.09,14
20110405,116.65,15
20110406,137.01,20
20110407,110.59,11
20110408,66.64,13
20110409,155.61,15
20110410,197.20,21
20110411,113.14,11
20110412,136.46,12
20110413,147.86,18
20110414,147.68,22
20110415,180.57,29
20110416,110.98,19
20110417,140.31,21
20110418,151.30,33
20110419,186.90,21
20110420,105.86,20
20110421,179.26,29
20110422,160.41,33
20110423,202.13,27
20110424,155.66,21
20110425,202.03,25
20110426,224.16,24
20110427,82.30,17
20110428,243.44,34
20110429,207.27,24
20110430,164.53,26
20110501,284.41,29
20110502,327.46,38
20110503,125.27,23
20110504,173.81,28
20110505,123.96,25
20110506,252.49,42
20110507,235.85,32
20110508,186.82,32
20110509,132.31,15
20110510,346.27,45
20110511,212.08,36
20110512,225.93,29
20110513,214.58,28
20110514,235.82,28
20110515,255.78,34
20110516,168.66,26
20110517,233.86,30
20110518,169.36,20
20110519,290.95,37
20110520,228.44,33
20110521,156.36,29
20110522,229.45,36
20110523,328.85,47
20110524,278.29,35
20110525,125.84,21
20110526,277.56,34
20110527,270.36,43
20110528,209.45,29
20110529,212.73,29
20110530,256.88,37
20110531,291.95,40
20110601,226.33,40
20110602,285.75,41
20110603,347.22,51
20110604,312.30,51
20110605,261.72,38
20110606,274.49,37
20110607,271.08,42
20110608,226.00,39
20110609,196.56,37
20110610,279.22,41
20110611,160.00,33
20110612,187.44,29
20110613,99.74,23
20110614,142.79,24
20110615,156.40,24
20110616,197.75,23
20110617,173.90,27
20110618,170.82,35
20110619,146.83,21
20110620,140.30,21
20110621,198.44,23
20110622,126.18,20
20110623,164.70,18
20110624,238.41,33
20110625,251.81,33
20110626,191.07,31
20110627,151.71,24
20110628,114.11,16
20110629,230.30,25
20110630,147.19,19
20110701,256.97,40
20110702,257.75,35
20110703,273.67,38
20110704,230.95,34
20110705,132.29,23
20110706,155.34,25
20110707,72.16,17
20110708,175.92,26
20110709,178.84,30
20110710,94.94,20
20110711,254.87,50
20110712,135.44,24
20110713,324.72,32
20110714,189.05,30
20110715,191.12,44
20110716,180.93,31
20110717,226.20,37
20110718,181.10,31
20110719,243.62,38
20110720,216.07,36
20110721,200.89,31
20110722,155.47,27
20110723,173.39,31
20110724,215.60,27
20110725,156.72,23
20110726,232.86,40
20110727,175.91,26
20110728,92.33,21
20110729,260.04,36
20110730,282.81,44
20110731,148.46,28
20110801,252.25,32
20110802,156.69,28
20110803,194.28,26
20110804,187.18,26
20110805,249.58,31
20110806,148.52,32
20110807,170.17,27
20110808,157.91,25
20110809,250.58,34
20110810,173.74,25
20110811,149.43,24
20110812,128.75,24
20110813,221.80,38
20110814,178.51,28
20110815,112.36,17
20110816,171.08,28
20110817,127.78,18
20110818,216.29,24
20110819,195.59,32
20110820,159.72,30
20110821,165.49,27
20110822,135.59,25
20110823,198.18,34
20110824,158.51,21
20110825,188.09,30
20110826,85.53,23
20110827,267.63,40
20110828,167.57,22
20110829,96.04,17
20110830,118.59,18
20110831,157.95,21
20110901,150.39,24
20110902,177.66,30
20110903,257.66,25
20110904,153.16,24
20110905,97.73,14
20110906,130.34,21
20110907,141.63,18
20110908,256.76,33
20110909,191.50,24
20110910,175.73,21
20110911,198.67,24
20110912,233.39,33
20110913,193.12,25
20110914,112.29,18
20110915,130.53,18
20110916,256.15,33
20110917,213.84,32
20110918,108.80,24
20110919,195.00,23
20110920,114.72,29
20110921,176.52,31
20110922,279.03,40
20110923,140.31,17
20110924,256.12,39
20110925,132.85,12
20110926,303.57,35
20110927,195.07,27
20110928,184.78,21
20110929,173.23,26
20110930,192.25,32
20111001,205.20,44
20111002,124.79,17
20111003,235.78,30
20111004,211.45,21
20111005,188.85,31
20111006,284.98,36
20111007,247.62,40
20111008,225.01,32
20111009,252.17,37
20111010,216.74,27
20111011,337.23,40
20111012,203.34,24
20111013,307.31,32
20111014,218.73,37
20111015,339.83,45
20111016,226.75,30
20111017,203.29,26
20111018,215.67,24
20111019,206.95,22
20111020,248.33,33
20111021,192.74,32
20111022,218.30,31
20111023,133.10,17
20111024,287.26,27
20111025,257.03,29
20111026,127.18,25
20111027,268.08,35
20111028,187.18,31
20111029,336.64,52
20111030,147.69,20
20111031,331.84,38
20111101,267.42,36
20111102,362.94,37
20111103,213.00,28
20111104,306.25,38
20111105,254.32,44
20111106,201.41,22
20111107,145.83,23
20111108,97.06,12
20111109,235.93,33
20111110,250.57,30
20111111,305.21,34
20111112,250.02,39
20111113,297.82,45
20111114,231.33,36
20111115,221.53,27
20111116,206.50,31
20111117,175.73,28
20111118,194.86,24
20111119,209.16,38
20111120,194.85,24
20111121,233.34,30
20111122,281.58,39
20111123,230.16,33
20111124,0.00,0
20111125,245.80,31
20111126,239.50,26
20111127,201.08,27
20111128,185.12,23
20111129,264.49,36
20111130,225.21,31
20111201,207.74,28
20111202,356.29,39
20111203,337.37,52
20111204,197.63,20
20111205,222.28,33
20111206,308.41,38
20111207,317.29,38
20111208,361.00,45
20111209,364.88,47
20111210,189.47,25
20111211,130.20,12
20111212,174.65,27
20111213,159.96,21
20111214,196.41,28
20111215,115.31,12
20111216,81.38,13
20111217,158.74,20
20111218,160.00,21
20111219,112.65,20
20111220,142.00,14
20111221,75.12,15
20111222,199.01,21
20111223,51.95,8
20111224,0.00,0
20111225,0.00,0
20111226,58.24,9
20111227,84.80,12
20111228,77.55,12
20111229,86.86,12
20111230,38.73,10
20111231,2.25,1
20120101,114.59,17
20120102,120.04,16
20120103,253.64,28
20120104,230.33,30
20120105,137.54,19
20120106,268.15,41
20120107,230.77,33
20120108,117.32,15
20120109,144.44,24
20120110,163.94,20
20120111,273.41,37
20120112,139.99,27
20120113,262.15,41
20120114,195.25,33
20120115,247.91,26
20120116,257.34,31
20120117,234.53,24
20120118,167.99,27
20120119,319.12,33
20120120,267.29,31
20120121,373.91,41
20120122,167.79,19
20120123,138.93,23
20120124,303.57,33
20120125,275.96,35
20120126,216.06,27
20120127,219.05,35
20120128,355.20,49
20120129,112.27,18
20120130,207.29,31
20120131,306.79,39
20120201,214.59,32
20120202,356.95,35
20120203,296.51,35
20120204,290.67,33
20120205,141.35,25
20120206,247.11,29
20120207,225.84,34
20120208,235.07,30
20120209,311.43,38
20120210,231.59,31
20120211,267.90,29
20120212,198.21,28
20120213,225.03,29
20120214,104.89,17
20120215,240.90,30
20120216,369.36,46
20120217,385.10,56
20120218,504.19,48
20120219,140.42,23
20120220,351.69,42
20120221,289.57,31
20120222,214.50,35
20120223,206.53,26
20120224,231.27,36
20120225,361.26,35
20120226,277.88,35
20120227,233.58,26
20120228,266.65,24
20120229,268.56,50
20120301,373.88,45
20120302,254.48,40
20120303,242.16,31
20120304,219.09,35
20120305,258.46,32
20120306,199.32,34
20120307,219.30,33
20120308,268.29,39
20120309,204.10,32
20120310,265.12,48
20120311,263.61,31
20120312,367.20,57
20120313,233.48,35
20120314,367.78,59
20120315,236.98,31
20120316,462.05,43
20120317,220.11,27
20120318,178.30,17
20120319,237.68,36
20120320,175.13,25
20120321,188.27,27
20120322,194.30,21
20120323,180.75,29
20120324,247.71,25
20120325,144.90,20
20120326,239.87,31
20120327,323.87,39
20120328,342.90,37
20120329,174.03,23
20120330,178.49,28
20120331,291.52,48
20120401,278.77,37
20120402,265.63,38
20120403,167.46,21
20120404,314.65,36
20120405,247.28,29
20120406,375.60,49
20120407,192.86,38
20120408,204.23,38
20120409,291.34,34
20120410,455.77,43
20120411,211.60,33
20120412,311.55,37
20120413,408.39,60
20120414,552.62,56
20120415,297.16,35
20120416,363.14,48
20120417,279.06,34
20120418,230.44,35
20120419,310.65,44
20120420,379.07,53
20120421,260.92,43
20120422,183.01,31
20120423,281.69,35
20120424,250.14,30
20120425,328.35,44
20120426,275.00,51
20120427,361.25,58
20120428,406.12,59
20120429,370.33,43
20120430,248.15,26
20120501,420.96,44
20120502,515.06,60
20120503,446.32,54
20120504,433.73,52
20120505,339.75,55
20120506,257.72,37
20120507,320.25,47
20120508,425.18,56
20120509,419.78,55
20120510,396.16,51
20120511,423.32,65
20120512,258.34,49
20120513,335.28,42
20120514,274.95,41
20120515,383.73,52
20120516,387.01,57
20120517,300.63,40
20120518,444.76,70
20120519,333.39,63
20120520,303.20,35
20120521,263.57,38
20120522,397.40,55
20120523,362.27,54
20120524,350.30,56
20120525,441.30,57
20120526,351.82,53
20120527,372.95,57
20120528,375.65,57
20120529,394.32,56
20120530,325.46,36
20120531,329.92,41
20120601,331.76,46
20120602,437.59,56
20120603,387.38,55
20120604,261.42,50
20120605,313.21,45
20120606,354.91,43
20120607,288.40,42
20120608,437.39,61
20120609,251.64,38
20120610,352.14,51
20120611,235.69,37
20120612,206.34,39
20120613,170.98,32
20120614,193.60,30
20120615,352.63,44
20120616,156.21,28
20120617,293.62,36
20120618,184.56,28
20120619,311.56,40
20120620,280.11,32
20120621,248.10,30
20120622,348.30,44
20120623,207.86,30
20120624,292.89,35
20120625,141.67,18
20120626,162.71,31
20120627,326.92,38
20120628,269.98,43
20120629,381.40,50
20120630,248.49,29
20120701,201.05,32
20120702,215.99,33
20120703,235.35,34
20120704,247.20,41
20120705,196.70,37
20120706,253.07,36
20120707,285.75,31
20120708,256.75,36
20120709,168.57,28
20120710,243.50,26
20120711,262.61,29
20120712,198.45,30
20120713,266.06,40
20120714,190.07,35
20120715,307.88,34
20120716,230.78,36
20120717,273.14,40
20120718,186.62,24
20120719,254.87,33
20120720,261.45,43
20120721,285.46,39
20120722,245.68,36
20120723,217.66,29
20120724,256.27,32
20120725,196.25,29
20120726,274.19,40
20120727,106.52,27
20120728,255.73,40
20120729,169.05,27
20120730,191.86,22
20120731,148.36,20
20120801,269.55,36
20120802,203.11,36
20120803,216.80,35
20120804,249.48,38
20120805,137.29,21
20120806,267.65,30
20120807,119.01,22
20120808,275.50,37
20120809,172.68,22
20120810,329.16,41
20120811,257.64,38
20120812,355.67,38
20120813,243.25,35
20120814,138.99,28
20120815,265.28,37
20120816,188.43,29
20120817,318.94,48
20120818,137.99,23
20120819,170.43,31
20120820,212.14,29
20120821,236.71,22
20120822,201.52,32
20120823,191.08,33
20120824,171.80,38
20120825,283.08,31
20120826,77.30,16
20120827,149.93,26
20120828,180.51,24
20120829,240.73,28
20120830,201.55,22
20120831,140.21,19
20120901,169.83,36
20120902,258.55,28
20120903,145.33,20
20120904,120.34,14
20120905,328.68,38
20120906,176.43,23
20120907,147.01,18
20120908,75.94,15
20120909,187.35,23
20120910,149.26,23
20120911,141.69,18
20120912,272.18,17
20120913,182.75,23
20120914,259.64,30
20120915,133.22,19
20120916,98.15,19
20120917,187.23,25
20120918,144.24,22
20120919,205.18,25
20120920,160.87,31
20120921,231.43,27
20120922,283.67,34
20120923,198.66,22
20120924,264.46,37
20120925,255.10,40
20120926,378.14,46
20120927,356.18,50
20120928,370.21,44
20120929,295.31,44
20120930,256.91,32
20121001,146.85,25
20121002,73.55,11
20121003,202.59,28
20121004,294.42,34
20121005,399.72,51
20121006,319.20,47
20121007,149.87,29
20121008,323.54,41
20121009,218.23,23
20121010,257.49,29
20121011,454.22,42
20121012,443.23,53
20121013,497.97,57
20121014,210.44,35
20121015,202.23,29
20121016,279.44,24
20121017,311.51,43
20121018,250.11,30
20121019,267.71,39
20121020,390.66,38
20121021,216.86,26
20121022,207.90,28
20121023,163.41,29
20121024,220.04,35
20121025,275.39,34
20121026,428.66,45
20121027,196.56,17
20121028,409.78,49
20121029,231.68,36
20121030,120.25,21
20121031,270.66,24
20121101,230.57,32
20121102,390.40,53
20121103,359.07,44
20121104,331.15,40
20121105,279.46,35
20121106,313.20,34
20121107,362.94,40
20121108,323.37,35
20121109,297.11,42
20121110,337.10,40
20121111,219.13,38
20121112,167.25,22
20121113,233.76,27
20121114,399.14,29
20121115,339.67,45
20121116,243.55,30
20121117,317.09,41
20121118,323.01,39
20121119,248.86,33
20121120,234.06,36
20121121,257.20,34
20121122,68.66,14
20121123,175.92,19
20121124,219.91,28
20121125,160.74,18
20121126,249.67,27
20121127,186.04,26
20121128,351.98,47
20121129,303.04,36
20121130,421.52,53
20121201,369.26,39
20121202,163.90,25
20121203,307.72,44
20121204,357.12,45
20121205,158.28,24
20121206,224.39,27
20121207,370.57,55
20121208,239.95,28
20121209,287.53,36
20121210,269.91,35
20121211,239.68,27
20121212,274.64,35
20121213,266.97,35
20121214,240.26,39
20121215,224.91,30
20121216,320.33,30
20121217,310.98,26
20121218,119.60,16
20121219,244.53,18
20121220,315.36,17
20121221,251.08,18
20121222,220.92,30
20121223,162.09,18
20121224,0.00,0
20121225,0.00,0
20121226,63.22,5
20121227,147.31,14
20121228,147.63,12
20121229,77.05,9
20121230,119.72,13
20121231,11.15,1
20130101,95.37,10
20130102,199.64,19
20130103,113.18,15
20130104,208.92,28
20130105,305.26,35
20130106,149.67,19
20130107,162.04,21
20130108,260.52,28
20130109,342.59,36
20130110,227.93,33
20130111,302.39,46
20130112,340.22,52
20130113,199.59,25
20130114,183.21,26
20130115,278.50,33
20130116,214.80,29
20130117,155.90,21
20130118,464.51,53
20130119,319.24,45
20130120,174.20,20
20130121,251.41,27
20130122,239.38,29
20130123,358.28,38
20130124,215.30,27
20130125,434.50,43
20130126,235.10,31
20130127,223.39,23
20130128,320.70,43
20130129,206.22,26
20130130,275.49,30
20130131,177.45,22
20130201,311.35,34
20130202,354.30,38
20130203,211.76,24
20130204,355.49,33
20130205,231.08,33
20130206,331.49,27
20130207,236.67,27
20130208,473.52,51
20130209,343.76,36
20130210,250.24,24
20130211,220.96,21
20130212,310.04,25
20130213,204.51,29
20130214,251.90,31
20130215,350.38,28
20130216,356.96,37
20130217,236.62,24
20130218,162.59,18
20130219,184.48,22
20130220,293.58,33
20130221,328.00,40
20130222,482.57,43
20130223,301.35,49
20130224,357.66,38
20130225,306.72,37
20130226,268.90,27
20130227,236.95,31
20130228,223.86,28
20130301,274.32,27
20130302,362.84,38
20130303,301.95,29
20130304,373.24,38
20130305,260.44,33
20130306,221.36,30
20130307,315.12,33
20130308,360.99,51
20130309,367.97,44
20130310,381.26,36
20130311,406.17,47
20130312,309.94,40
20130313,297.00,35
20130314,426.72,51
20130315,331.96,47
20130316,398.00,52
20130317,287.29,40
20130318,208.65,33
20130319,314.67,40
20130320,389.90,39
20130321,227.53,33
20130322,330.53,37
20130323,134.70,16
20130324,178.84,18
20130325,137.00,15
20130326,280.53,23
20130327,174.14,21
20130328,156.14,18
20130329,202.97,21
20130330,134.63,23
20130331,260.22,30
20130401,270.61,33
20130402,243.93,30
20130403,130.58,15
20130404,323.06,43
20130405,373.10,47
20130406,348.91,45
20130407,117.37,22
20130408,244.78,32
20130409,289.28,33
20130410,141.65,15
20130411,415.58,42
20130412,378.30,51
20130413,385.51,49
20130414,330.91,38
20130415,290.07,27
20130416,337.44,39
20130417,342.14,29
20130418,405.25,49
20130419,407.51,46
20130420,358.80,40
20130421,409.18,43
20130422,251.48,26
20130423,156.30,22
20130424,311.34,38
20130425,284.37,35
20130426,405.14,49
20130427,386.74,58
20130428,213.92,33
20130429,374.83,42
20130430,264.76,36
20130501,336.61,42
20130502,273.54,30
20130503,353.59,43
20130504,332.96,45
20130505,308.54,36
20130506,240.41,30
20130507,411.55,43
20130508,445.76,52
20130509,285.39,31
20130510,422.17,47
20130511,381.85,41
20130512,214.10,25
20130513,300.62,40
20130514,306.49,45
20130515,319.81,35
20130516,432.23,46
20130517,388.04,61
20130518,361.06,51
20130519,480.03,48
20130520,241.00,35
20130521,369.43,40
20130522,324.24,42
20130523,271.20,36
20130524,278.38,47
20130525,354.46,47
20130526,314.64,48
20130527,280.83,33
20130528,322.69,42
20130529,508.99,51
20130530,227.82,33
20130531,569.35,63
20130601,339.68,52
20130602,294.47,36
20130603,388.17,48
20130604,329.74,38
20130605,235.82,38
20130606,300.57,38
20130607,432.07,54
20130608,389.86,45
20130609,341.84,48
20130610,389.10,37
20130611,425.22,52
20130612,324.27,37
20130613,229.42,28
20130614,304.65,54
20130615,287.75,41
20130616,128.10,22
20130617,304.39,38
20130618,197.31,26
20130619,241.81,27
20130620,154.93,21
20130621,262.95,29
20130622,370.73,51
20130623,181.70,19
20130624,245.57,24
20130625,259.65,30
20130626,301.43,32
20130627,211.83,26
20130628,366.25,44
20130629,124.24,20
20130630,186.61,31
20130701,239.86,36
20130702,163.18,24
20130703,141.73,21
20130704,212.49,29
20130705,292.15,32
20130706,295.46,41
20130707,202.88,19
20130708,206.68,25
20130709,235.34,30
20130710,334.77,31
20130711,343.48,43
20130712,445.60,46
20130713,252.94,40
20130714,153.93,26
20130715,190.68,23
20130716,138.94,21
20130717,253.04,29
20130718,280.18,28
20130719,278.82,33
20130720,317.31,37
20130721,183.69,26
20130722,103.48,17
20130723,220.02,28
20130724,170.68,27
20130725,218.72,26
20130726,164.59,27
20130727,214.37,30
20130728,153.09,21
20130729,341.68,31
20130730,282.33,29
20130731,159.07,24
20130801,232.18,28
20130802,330.98,44
20130803,495.68,47
20130804,112.96,23
20130805,223.57,31
20130806,179.74,27
20130807,209.10,22
20130808,164.39,20
20130809,231.90,37
20130810,223.56,33
20130811,191.51,28
20130812,118.41,19
20130813,211.64,22
20130814,298.36,38
20130815,221.61,25
20130816,169.50,27
20130817,215.69,29
20130818,152.11,22
20130819,164.84,16
20130820,124.37,22
20130821,172.66,24
20130822,234.54,38
20130823,221.52,35
20130824,274.95,36
20130825,136.94,19
20130826,247.13,24
20130827,152.88,28
20130828,188.64,22
20130829,330.55,32
20130830,404.49,33
20130831,309.61,38
20130901,238.93,31
20130902,79.52,17
20130903,156.70,24
20130904,244.82,34
20130905,137.30,14
20130906,259.33,28
20130907,239.48,32
20130908,149.27,23
20130909,163.47,26
20130910,314.42,34
20130911,182.14,31
20130912,253.20,30
20130913,305.67,29
20130914,198.61,26
20130915,181.31,21
20130916,193.01,30
20130917,209.90,31
20130918,96.86,16
20130919,265.76,32
20130920,300.23,38
20130921,297.02,34
20130922,148.60,18
20130923,262.78,27
20130924,171.27,17
20130925,254.82,28
20130926,211.70,38
20130927,262.82,41
20130928,304.12,50
20130929,178.65,20
20130930,157.48,23
20131001,374.62,32
20131002,390.41,41
20131003,337.83,37
20131004,256.16,43
20131005,273.51,41
20131006,279.04,27
20131007,328.91,39
20131008,138.97,22
20131009,273.09,33
20131010,438.68,34
20131011,415.78,62
20131012,190.68,25
20131013,155.18,22
20131014,321.27,41
20131015,168.56,17
20131016,190.22,26
20131017,343.82,40
20131018,361.21,38
20131019,275.24,30
20131020,349.98,34
20131021,211.71,30
20131022,202.34,27
20131023,231.27,28
20131024,180.76,28
20131025,352.39,56
20131026,400.80,51
20131027,318.89,38
20131028,256.03,31
20131029,297.08,40
20131030,244.46,31
20131031,364.36,41
20131101,264.44,38
20131102,243.77,27
20131103,256.16,32
20131104,271.93,27
20131105,246.32,30
20131106,227.43,29
20131107,186.47,30
20131108,261.14,39
20131109,222.77,31
20131110,279.08,24
20131111,295.04,31
20131112,239.58,37
20131113,314.49,30
20131114,388.67,32
20131115,403.53,33
20131116,359.65,48
20131117,380.45,32
20131118,263.61,35
20131119,183.60,26
20131120,131.88,27
20131121,304.29,42
20131122,349.96,43
20131123,257.69,38
20131124,296.90,30
20131125,286.30,28
20131126,326.08,35
20131127,262.90,34
20131128,0.00,0
20131129,147.17,26
20131130,210.80,29
20131201,232.55,27
20131202,279.62,34
20131203,347.66,43
20131204,256.43,41
20131205,258.17,37
20131206,179.54,25
20131207,253.78,32
20131208,272.65,36
20131209,223.30,24
20131210,284.40,37
20131211,219.75,24
20131212,272.26,34
20131213,265.54,35
20131214,279.55,27
20131215,213.55,29
20131216,126.57,21
20131217,181.67,23
20131218,87.00,10
20131219,72.97,15
20131220,125.06,16
20131221,157.32,15
20131222,280.15,26
20131223,145.94,17
20131224,0.00,0
20131225,0.00,0
20131226,179.23,15
20131227,256.46,20
20131228,89.57,7
20131229,164.19,15
20131230,186.03,16
20131231,0.00,0
20140101,146.11,13
20140102,49.62,8
20140103,223.91,20
20140104,357.33,36
20140105,207.13,14
20140106,59.68,9
20140107,248.03,28
20140108,174.81,22
20140109,163.75,25
20140110,214.00,31
20140111,294.67,34
20140112,217.47,25
20140113,318.08,32
20140114,0.00,0
20140115,138.46,19
20140116,168.89,21
20140117,240.00,31
20140118,255.58,38
20140119,331.70,35
20140120,151.28,21
20140121,132.51,17
20140122,138.15,15
20140123,239.89,25
20140124,336.39,32
20140125,255.02,33
20140126,138.64,19
20140127,87.58,15
20140128,216.52,26
20140129,197.84,24
20140130,249.46,27
20140131,486.33,44
20140201,321.77,31
20140202,289.62,23
20140203,350.09,39
20140204,264.26,22
20140205,242.46,26
20140206,264.84,26
20140207,274.14,38
20140208,389.11,42
20140209,214.07,28
20140210,171.21,27
20140211,206.65,28
20140212,201.67,26
20140213,440.82,42
20140214,270.08,26
20140215,238.09,23
20140216,182.12,30
20140217,292.34,21
20140218,266.60,29
20140219,245.08,25
20140220,332.91,33
20140221,383.29,35
20140222,318.14,35
20140223,222.03,29
20140224,233.08,26
20140225,304.70,41
20140226,211.00,28
20140227,386.46,44
20140228,301.28,39
20140301,334.10,31
20140302,210.01,24
20140303,326.07,29
20140304,222.55,25
20140305,363.04,33
20140306,217.54,31
20140307,459.50,49
20140308,371.07,32
20140309,251.30,36
20140310,330.95,44
20140311,353.50,34
20140312,311.52,31
20140313,316.17,42
20140314,431.45,51
20140315,378.40,42
20140316,341.85,41
20140317,135.91,20
20140318,210.29,24
20140319,171.37,28
20140320,276.27,35
20140321,342.64,39
20140322,194.81,30
20140323,116.23,13
20140324,156.35,15
20140325,117.41,12
20140326,208.43,21
20140327,287.00,32
20140328,213.25,28
20140329,300.85,29
20140330,361.59,25
20140331,312.93,35
20140401,310.53,33
20140402,339.39,34
20140403,334.50,42
20140404,327.96,37
20140405,273.94,32
20140406,240.48,34
20140407,170.46,22
20140408,281.27,39
20140409,206.73,31
20140410,302.56,37
20140411,252.06,39
20140412,356.60,49
20140413,140.43,18
20140414,244.15,32
20140415,280.98,33
20140416,331.92,37
20140417,363.03,41
20140418,254.21,25
20140419,334.88,52
20140420,229.46,24
20140421,313.20,43
20140422,349.64,33
20140423,171.88,25
20140424,279.60,40
20140425,593.19,59
20140426,299.83,36
20140427,201.02,29
20140428,163.25,16
20140429,236.03,38
20140430,303.92,41
20140501,321.14,46
20140502,381.43,42
20140503,403.23,56
20140504,307.57,37
20140505,206.22,21
20140506,365.61,41
20140507,252.52,30
20140508,337.78,47
20140509,433.38,59
20140510,471.87,51
20140511,319.79,36
20140512,314.14,43
20140513,261.92,32
20140514,204.17,24
20140515,343.18,37
20140516,546.26,59
20140517,296.40,42
20140518,264.46,34
20140519,355.38,42
20140520,344.20,42
20140521,320.73,43
20140522,243.46,31
20140523,345.25,46
20140524,406.12,46
20140525,465.45,47
20140526,318.42,48
20140527,226.69,32
20140528,246.98,27
20140529,286.27,40
20140530,505.71,55
20140531,527.05,61
20140601,354.09,42
20140602,319.69,40
20140603,372.68,44
20140604,448.44,59
20140605,409.20,51
20140606,510.01,69
20140607,593.74,59
20140608,361.84,50
20140609,385.12,42
20140610,375.80,41
20140611,328.68,44
20140612,270.28,47
20140613,444.42,53
20140614,332.00,47
20140615,370.58,45
20140616,403.55,38
20140617,297.07,33
20140618,204.81,21
20140619,170.29,26
20140620,268.68,38
20140621,229.08,32
20140622,148.39,22
20140623,152.61,21
20140624,312.02,33
20140625,128.29,20
20140626,199.39,20
20140627,492.88,57
20140628,293.34,38
20140629,239.07,33
20140630,216.14,20
20140701,217.81,27
20140702,171.16,25
20140703,324.73,36
20140704,199.90,36
20140705,144.78,21
20140706,302.74,36
20140707,334.13,40
20140708,134.33,16
20140709,230.14,31
20140710,297.77,33
20140711,276.29,39
20140712,222.69,25
20140713,186.67,25
20140714,236.87,37
20140715,221.04,31
20140716,235.32,30
20140717,279.61,36
20140718,275.95,36
20140719,306.00,32
20140720,181.14,24
20140721,233.23,30
20140722,161.60,23
20140723,202.34,24
20140724,390.77,36
20140725,245.81,28
20140726,166.92,30
20140727,169.70,23
20140728,198.98,29
20140729,300.75,29
20140730,212.59,30
20140731,278.28,41
20140801,312.10,41
20140802,248.76,31
20140803,237.60,25
20140804,147.17,21
20140805,278.49,30
20140806,324.03,35
20140807,223.71,27
20140808,327.43,41
20140809,453.90,45
20140810,308.01,34
20140811,150.60,20
20140812,290.93,26
20140813,256.32,33
20140814,99.97,19
20140815,259.44,32
20140816,285.42,34
20140817,194.82,18
20140818,182.54,22
20140819,185.51,18
20140820,153.91,16
20140821,154.30,22
20140822,340.01,41
20140823,250.77,28
20140824,249.83,31
20140825,170.74,26
20140826,227.98,30
20140827,189.64,28
20140828,324.17,36
20140829,196.64,35
20140830,211.45,29
20140831,216.56,33
20140901,117.65,17
20140902,163.67,19
20140903,109.81,12
20140904,327.04,42
20140905,343.43,37
20140906,435.16,37
20140907,170.54,21
20140908,194.78,26
20140909,171.51,18
20140910,138.25,12
20140911,168.89,19
20140912,270.11,28
20140913,213.58,29
20140914,124.54,17
20140915,141.92,19
20140916,210.56,15
20140917,212.67,27
20140918,189.81,26
20140919,401.87,35
20140920,268.40,32
20140921,182.20,23
20140922,279.60,41
20140923,198.75,26
20140924,226.12,23
20140925,376.26,45
20140926,250.86,35
20140927,294.11,26
20140928,97.54,12
20140929,239.32,19
20140930,220.30,24
20141001,347.07,34
20141002,273.71,29
20141003,262.33,27
20141004,424.97,40
20141005,209.88,21
20141006,266.58,32
20141007,225.74,24
20141008,163.53,23
20141009,306.64,30
20141010,468.40,47
20141011,152.01,27
20141012,188.90,27
20141013,277.86,30
20141014,315.78,27
20141015,207.57,25
20141016,318.78,39
20141017,352.20,43
20141018,424.63,49
20141019,184.41,24
20141020,239.46,24
20141021,225.77,26
20141022,235.02,28
20141023,292.90,35
20141024,344.36,38
20141025,302.13,41
20141026,354.39,36
20141027,218.64,25
20141028,128.92,15
20141029,118.06,20
20141030,272.16,32
20141031,208.74,34
20141101,398.94,40
20141102,131.60,15
20141103,324.84,35
20141104,238.88,28
20141105,217.87,29
20141106,193.11,23
20141107,205.33,21
20141108,310.43,35
20141109,315.80,32
20141110,248.66,35
20141111,228.78,26
20141112,282.30,33
20141113,234.17,26
20141114,263.50,37
20141115,391.77,37
20141116,95.84,12
20141117,208.32,22
20141118,217.51,27
20141119,160.18,24
20141120,365.72,30
20141121,375.71,38
20141122,212.19,27
20141123,325.42,26
20141124,200.65,19
20141125,267.53,34
20141126,213.72,23
20141127,0.00,0
20141128,165.34,24
20141129,294.98,37
20141130,173.63,23
20141201,200.47,29
20141202,147.24,20
20141203,443.82,38
20141204,292.97,36
20141205,322.41,32
20141206,331.80,36
20141207,224.88,24
20141208,324.33,34
20141209,303.69,40
20141210,185.21,28
20141211,233.91,24
20141212,297.77,34
20141213,258.88,32
20141214,164.93,19
20141215,137.13,15
20141216,109.57,14
20141217,192.06,17
20141218,19.89,6
20141219,165.40,23
20141220,227.98,20
20141221,82.08,8
20141222,38.05,8
20141223,163.80,10
20141224,0.00,0
20141225,0.00,0
20141226,0.00,0
20141227,0.00,0
20141228,0.00,0
20141229,25.60,4
20141230,0.00,0
20141231,0.00,0
20150101,205.65,21
20150102,269.62,23
20150103,260.19,22
20150104,123.19,14
20150105,100.01,13
20150106,193.70,22
20150107,131.62,15
20150108,107.06,13
20150109,241.41,27
20150110,173.20,18
20150111,254.77,26
20150112,354.92,41
20150113,224.76,26
20150114,312.20,34
20150115,278.53,29
20150116,237.25,30
20150117,417.15,41
20150118,191.40,21
20150119,265.61,31
20150120,235.44,30
20150121,325.63,29
20150122,185.72,23
20150123,371.01,49
20150124,354.93,48
20150125,242.04,23
20150126,114.88,16
20150127,334.21,37
20150128,234.95,29
20150129,339.82,47
20150130,249.33,31
20150131,287.23,28
20150201,78.98,12
20150202,117.14,18
20150203,255.41,27
20150204,209.10,31
20150205,270.72,20
20150206,289.06,38
20150207,512.10,52
20150208,154.27,19
20150209,190.47,19
20150210,262.52,29
20150211,332.86,37
20150212,466.05,32
20150213,284.57,25
20150214,264.86,27
20150215,237.49,25
20150216,336.16,26
20150217,221.00,25
20150218,201.67,16
20150219,239.69,29
20150220,326.07,34
20150221,287.95,33
20150222,263.47,24
20150223,229.11,22
20150224,159.12,24
20150225,299.19,34
20150226,281.36,29
20150227,335.00,34
20150228,210.99,29
20150301,552.00,30
20150302,231.82,36
20150303,287.15,32
20150304,357.23,28
20150305,179.66,24
20150306,341.14,42
20150307,311.55,33
20150308,301.20,28
20150309,382.79,40
20150310,258.49,31
20150311,281.33,36
20150312,287.49,35
20150313,449.85,58
20150314,353.09,43
20150315,275.70,33
20150316,300.53,35
20150317,341.50,41
20150318,324.43,37
20150319,184.37,18
20150320,383.68,34
20150321,224.73,24
20150322,126.28,15
20150323,109.76,20
20150324,171.41,18
20150325,151.55,18
20150326,199.96,23
20150327,230.01,30
20150328,128.70,20
20150329,219.21,30
20150330,202.50,26
20150331,342.80,32
20150401,273.96,36
20150402,332.52,38
20150403,393.57,43
20150404,265.03,31
20150405,151.18,21
20150406,190.11,22
20150407,272.39,28
20150408,297.47,37
20150409,325.47,35
20150410,366.29,45
20150411,322.43,34
20150412,343.69,42
20150413,175.28,27
20150414,242.22,25
20150415,220.60,32
20150416,542.42,54
20150417,415.76,56
20150418,480.92,63
20150419,275.99,33
20150420,296.56,40
20150421,264.90,37
20150422,330.87,36
20150423,294.18,34
20150424,344.21,43
20150425,345.08,40
20150426,255.71,33
20150427,297.57,38
20150428,199.53,29
20150429,392.49,43
20150430,399.43,44
20150501,315.55,46
20150502,366.56,42
20150503,452.79,36
20150504,397.34,39
20150505,411.13,51
20150506,230.57,33
20150507,280.04,39
20150508,498.76,55
20150509,472.46,49
20150510,358.79,43
20150511,427.25,38
20150512,443.17,43
20150513,449.59,48
20150514,461.01,46
20150515,299.56,43
20150516,287.82,43
20150517,354.78,50
20150518,439.47,45
20150519,234.40,23
20150520,256.79,34
20150521,481.75,51
20150522,399.89,56
20150523,414.44,52
20150524,376.34,49
20150525,329.59,44
20150526,401.35,40
20150527,362.26,40
20150528,430.07,47
20150529,610.03,74
20150530,350.69,46
20150531,298.70,35
20150601,381.63,49
20150602,279.93,41
20150603,429.31,48
20150604,349.42,47
20150605,304.68,42
20150606,233.27,38
20150607,281.02,28
20150608,297.71,37
20150609,274.98,34
20150610,319.05,42
20150611,287.27,30
20150612,555.53,53
20150613,404.50,53
20150614,237.59,33
20150615,262.18,33
20150616,212.89,32
20150617,171.85,19
20150618,202.91,25
20150619,340.41,39
20150620,318.26,28
20150621,217.62,29
20150622,244.56,28
20150623,185.20,23
20150624,186.67,19
20150625,213.88,30
20150626,187.30,24
20150627,303.11,38
20150628,106.95,12
20150629,267.31,28
20150630,176.62,25
20150701,234.53,24
20150702,312.28,39
20150703,352.68,32
20150704,217.85,30
20150705,114.11,20
20150706,250.50,26
20150707,182.80,22
20150708,107.49,17
20150709,268.14,35
20150710,346.64,43
20150711,282.28,40
20150712,232.95,31
20150713,233.69,26
20150714,324.81,27
20150715,439.43,41
20150716,160.19,20
20150717,393.84,48
20150718,415.06,48
20150719,152.54,26
20150720,348.49,28
20150721,230.42,24
20150722,262.15,35
20150723,222.59,26
20150724,359.50,42
20150725,333.77,36
20150726,292.37,31
20150727,327.45,34
20150728,406.24,38
20150729,273.78,35
20150730,421.98,61
20150731,526.25,45
20150801,434.07,43
20150802,129.55,20
20150803,274.23,22
20150804,313.10,28
20150805,185.35,24
20150806,323.16,34
20150807,399.62,45
20150808,313.17,30
20150809,203.46,32
20150810,307.59,34
20150811,422.32,38
20150812,217.12,27
20150813,455.76,40
20150814,358.23,31
20150815,365.31,38
20150816,233.42,28
20150817,247.19,31
20150818,320.61,26
20150819,202.84,25
20150820,350.15,34
20150821,431.54,41
20150822,295.08,39
20150823,225.28,23
20150824,197.36,21
20150825,263.63,29
20150826,334.16,31
20150827,225.82,25
20150828,305.24,32
20150829,335.44,39
20150830,184.57,26
20150831,178.58,20
20150901,416.36,37
20150902,279.76,22
20150903,193.28,22
20150904,332.78,31
20150905,354.74,32
20150906,369.33,36
20150907,249.14,29
20150908,224.99,25
20150909,247.77,25
20150910,256.05,30
20150911,339.74,33
20150912,236.12,26
20150913,279.97,25
20150914,239.21,19
20150915,308.40,26
20150916,9.01,2
20150917,366.55,37
20150918,287.53,31
20150919,386.34,31
20150920,360.50,30
20150921,234.64,24
20150922,306.22,33
20150923,219.31,27
20150924,377.23,43
20150925,503.24,49
20150926,423.98,49
20150927,261.26,27
20150928,293.94,37
20150929,328.50,30
20150930,211.80,26
20151001,332.08,29
20151002,404.72,43
20151003,300.50,32
20151004,333.82,27
20151005,213.20,27
20151006,272.71,34
20151007,382.46,37
20151008,727.06,57
20151009,552.13,56
20151010,381.16,46
20151011,335.46,37
20151012,225.28,30
20151013,379.75,31
20151014,250.95,37
20151015,363.90,33
20151016,502.15,47
20151017,564.47,47
20151018,284.24,29
20151019,272.29,36
20151020,354.95,30
20151021,313.02,35
20151022,285.56,40
20151023,424.71,54
20151024,481.96,49
20151025,182.13,23
20151026,353.45,39
20151027,305.19,24
20151028,325.38,38
20151029,337.65,39
20151030,417.71,42
20151031,561.26,57
20151101,220.16,18
20151102,261.33,32
20151103,181.51,25
20151104,291.50,27
20151105,457.44,50
20151106,507.09,41
20151107,462.43,46
20151108,228.90,28
20151109,360.65,34
20151110,528.71,42
20151111,418.61,41
20151112,343.67,36
20151113,424.60,40
20151114,521.85,59
20151115,260.05,30
20151116,404.52,40
20151117,473.18,48
20151118,308.09,41
20151119,361.73,39
20151120,401.87,36
20151121,455.02,33
20151122,409.62,29
20151123,391.91,36
20151124,477.55,33
20151125,298.41,27
20151126,0.00,0
20151127,216.31,17
20151128,365.71,30
20151129,418.77,32
20151130,384.38,32
20151201,313.39,34
20151202,329.44,36
20151203,336.70,34
20151204,760.44,60
20151205,469.22,44
20151206,366.74,27
20151207,487.54,47
20151208,540.48,50
20151209,437.46,34
20151210,385.26,34
20151211,581.55,46
20151212,278.53,34
20151213,74.90,12
20151214,262.10,23
20151215,250.65,23
20151216,308.47,22
20151217,218.66,23
20151218,350.42,30
20151219,243.68,23
20151220,186.86,27
20151221,243.42,26
20151222,143.53,16
20151223,300.50,20
20151224,4.00,1
20151225,0.00,0
20151226,236.48,24
20151227,143.10,16
20151228,214.20,20
20151229,212.91,18
20151230,182.40,21
20151231,187.56,14
20160101,238.35,16
20160102,128.81,17
20160103,303.34,25
20160104,367.92,29
20160105,357.11,35
20160106,229.82,31
20160107,359.66,35
20160108,745.91,61
20160109,386.37,34
20160110,401.70,38
20160111,371.53,30
20160112,289.05,26
20160113,407.20,40
20160114,373.49,40
20160115,479.12,51
20160116,331.41,37
20160117,362.77,36
20160118,343.93,25
20160119,351.13,31
20160120,292.31,36
20160121,471.72,51
20160122,487.74,51
20160123,445.00,38
20160124,323.62,30
20160125,158.63,18
20160126,201.01,18
20160127,369.83,38
20160128,368.62,38
20160129,408.39,37
20160130,663.45,52
20160131,361.62,31
20160201,368.29,32
20160202,298.18,28
20160203,326.63,42
20160204,271.00,29
20160205,526.47,51
20160206,503.32,56
20160207,317.09,29
20160208,284.01,32
20160209,161.91,23
20160210,231.90,25
20160211,401.52,45
20160212,406.54,42
20160213,526.42,40
20160214,225.81,22
20160215,424.91,34
20160216,392.45,43
20160217,375.20,40
20160218,267.87,32
20160219,445.31,51
20160220,555.35,43
20160221,378.04,34
20160222,322.01,28
20160223,338.07,41
20160224,562.92,50
20160225,468.68,40
20160226,763.64,58
20160227,692.56,59
20160228,323.59,27
20160229,371.80,34
20160301,376.54,31
20160302,388.12,45
20160303,380.30,43
20160304,482.27,46
20160305,393.86,39
20160306,371.81,34
20160307,336.36,35
20160308,539.47,55
20160309,491.50,50
20160310,348.42,33
20160311,573.02,56
20160312,530.24,36
20160313,366.41,35
20160314,384.40,36
20160315,338.63,33
20160316,407.82,44
20160317,443.33,41
20160318,467.35,40
20160319,328.59,22
20160320,178.96,20
20160321,342.54,28
20160322,187.30,23
20160323,200.93,27
20160324,180.37,18
20160325,314.93,27
20160326,360.20,40
20160327,287.91,22
20160328,275.34,32
20160329,514.46,51
20160330,310.05,35
20160331,477.43,50
20160401,569.68,64
20160402,587.42,50
20160403,217.90,25
20160404,340.74,33
20160405,397.71,26
20160406,319.67,34
20160407,399.57,42
20160408,415.96,36
20160409,561.80,50
20160410,368.36,39
20160411,341.25,33
20160412,215.68,24
20160413,454.50,41
20160414,511.82,43
20160415,447.24,45
20160416,629.80,70
20160417,233.42,31
20160418,360.02,38
20160419,318.38,31
20160420,297.65,40
20160421,452.76,46
20160422,359.72,50
20160423,426.93,43
20160424,342.90,33
20160425,394.13,34
20160426,330.34,36
20160427,352.40,32
20160428,429.05,44
20160429,610.70,54
20160430,832.98,69
20160501,226.67,25
20160502,494.90,37
20160503,491.32,40
20160504,194.52,28
20160505,493.93,59
20160506,644.80,80
20160507,742.22,72
20160508,335.21,34
20160509,430.61,40
20160510,537.57,49
20160511,236.63,32
20160512,369.11,41
20160513,478.79,43
20160514,336.37,36
20160515,452.69,45
20160516,300.97,28
20160517,0.00,0
